{"SalesAmountInEuro": [117.03050675645815, 33.8, 117.03050675645815, 33.8, 117.03050675645815, 110.28328497206779, 21.461597991723597], "time_delay_for_conversion": [321366.64861090697, 1285.0, 321366.64861090697, 1285.0, 321366.64861090697, 292300.154620895, 89423.78497690611], "nb_clicks_1week": [2.0, 0.0, 1.16785, 0.0, 1.16785, 1.0535775334999662, 0.9837088325479643], "product_price": [85.49113681867759, 25.0, 85.49113681867759, 25.0, 85.49113681867759]}